name,type,country,region,grapes,description,food,alcohol,fixed_acidity,volatile_acidity,citric_acid,residual_sugar,chlorides,free_sulfur_dioxide,total_sulfur_dioxide,density,pH,sulphates
каберне совиньон,🍷 Красное сухое,Франция (Бордо),Медок,Каберне Совиньон,"Классическое бордо. Мощные танины, ноты черной смородины, кедра и табака.","📌 Стейк, ягненок, выдержанные сыры",13.5,8.2,0.4,0.3,2.2,0.07,25,70,0.997,3.4,0.7
мерло,🍷 Красное сухое,Франция (Бордо),Помроль,Мерло,"Мягкое, с тонами вишни, шоколада и сливы. Бархатистые танины.","📌 Паста, утка, грибы, камамбер",13.0,7.8,0.45,0.25,2.5,0.065,22,65,0.996,3.5,0.65
пино нуар,🍷 Красное сухое,Франция (Бургундия),Кот де Нюи,Пино Нуар,"Элегантное, с ароматами красных ягод, розы и трюфелей. Шелковистое.","📌 Лосось, утка, ризотто с грибами",12.5,7.2,0.35,0.2,1.8,0.06,18,55,0.995,3.3,0.6
шираз,🍷 Красное сухое,Австралия,Долина Баросса,Шираз,"Насыщенное, пряное, с нотами ежевики, черного перца и шоколада.","📌 Барбекю, стейки, острые блюда",14.0,8.5,0.5,0.35,2.0,0.08,28,75,0.998,3.5,0.75
шардоне,🥂 Белое сухое,Франция (Бургундия),Шабли,Шардоне,"От легких цитрусовых (Шабли) до насыщенных с нотами ванили и масла (Мерсо).","📌 Рыба, морепродукты, паста с белым соусом",13.0,7.0,0.25,0.4,3.5,0.04,28,85,0.994,3.2,0.55
совиньон блан,🥂 Белое сухое,Франция (Луара),Сансер,Совиньон Блан,"Свежее, травянистое, с нотами крыжовника, цитрусов и минералов.","📌 Устрицы, козий сыр, спаржа",12.0,7.5,0.2,0.45,2.8,0.035,25,80,0.993,3.1,0.5
рислинг,🥂 Белое полусухое,Германия,Мозель,Рислинг,"Ароматное, с тонами яблока, груши, меда и минералов. Высокая кислотность.","📌 Азиатская кухня, свинина, десерты",10.5,8.0,0.2,0.4,8.0,0.03,22,75,0.998,3.0,0.45
шампанское,🍾 Игристое,Франция (Шампань),Реймс,Пино Нуар+Шардоне,"Изысканное, с нотами бриоши, цитрусов и зеленого яблока.","📌 Устрицы, икра, легкие закуски, торжества",12.0,7.5,0.2,0.3,6.0,0.035,20,65,0.997,3.1,0.45
просекко,🍾 Игристое,Италия (Венето),Конельяно,Глера,"Легкое, фруктовое, с нотами зеленого яблока, груши и цветов.","📌 Закуски, десерты, аперитив",11.0,6.9,0.2,0.25,8.0,0.03,18,60,0.996,3.2,0.4
мальбек,🍷 Красное сухое,Аргентина,Мендоса,Мальбек,"Бархатистое, с тонами сливы, фиалки, какао и ежевики.","📌 Мясо на гриле, стейки, пицца",13.5,8.0,0.4,0.3,2.3,0.07,24,68,0.997,3.4,0.7
каберне фран,🍷 Красное сухое,Франция (Луара),Шинон,Каберне Фран,"Ароматное, с тонами малины, фиалки и зеленого перца. Легче Каберне Совиньона.","📌 Овощи на гриле, козьи сыры, телятина",12.5,7.5,0.4,0.3,2.0,0.06,20,60,0.996,3.4,0.6
гаме,🍷 Красное сухое,Франция (Божоле),Божоле,Гаме,"Легкое, фруктовое, с тонами вишни, клубники и банана. Очень низкие танины.","📌 Холодные закуски, пицца, салаты, колбасы",12.0,7.0,0.3,0.25,2.0,0.05,15,45,0.995,3.4,0.5
неббиоло,🍷 Красное сухое,Италия (Пьемонт),Бароло,Неббиоло,"Великое итальянское. Ароматы розы, смолы, вишни и табака. Мощные танины.","📌 Трюфели, выдержанные сыры, дичь",14.0,8.5,0.5,0.3,1.8,0.06,25,70,0.998,3.3,0.7
санджовезе,🍷 Красное сухое,Италия (Тоскана),Кьянти,Санджовезе,"Яркая кислотность, тона вишни, сушеных трав и фиалки.","📌 Паста, пицца, томатные соусы",13.5,8.0,0.45,0.3,2.0,0.06,22,65,0.997,3.3,0.65
барбера,🍷 Красное сухое,Италия (Пьемонт),Асти,Барбера,"Сочное, с низкими танинами, высокой кислотностью, тонами вишни и специй.","📌 Паста, пицца, мясные блюда, колбасы",13.0,8.0,0.4,0.3,2.5,0.06,20,60,0.996,3.3,0.6
амароне,🍷 Красное сухое,Италия (Венето),Вальполичелла,Корвина,"Мощное, концентрированное из подсушенного винограда. Ноты джема, шоколада.","📌 Дичь, выдержанные сыры, шоколадные десерты",15.0,8.0,0.6,0.3,3.0,0.07,25,70,0.999,3.4,0.75
темпранильо,🍷 Красное сухое,Испания (Риоха),Риоха,Темпранильо,"Ноты кожи, табака, вишни, кокоса и ванили (от выдержки в американском дубе).","📌 Хамон, мясо на гриле, паэлья",13.5,7.8,0.5,0.25,2.2,0.06,22,65,0.997,3.4,0.65
гарнача,🍷 Красное сухое,Испания (Каталония),Приорат,Гарнача,"Насыщенное, высокоалкогольное, с тонами клубничного джема и пряностей.","📌 Острые блюда, барбекю, выдержанные сыры",14.5,7.5,0.5,0.3,2.5,0.06,20,60,0.998,3.5,0.7
примитиво,🍷 Красное сухое,Италия/США,Апулия/Калифорния,Примитиво,"Высокий алкоголь, тона ежевичного джема, специй и черного перца.","📌 Барбекю, острые блюда, пицца",14.5,7.8,0.5,0.3,3.0,0.07,22,65,0.998,3.5,0.7
пинотаж,🍷 Красное сухое,ЮАР,Стелленбош,Пинотаж,"Уникальный южноафриканский сорт. Ноты банана, кофе, копченостей и ежевики.","📌 Барбекю, мясо на гриле",13.5,7.8,0.5,0.3,2.5,0.07,22,65,0.997,3.4,0.7
красностоп,🍷 Красное сухое,Россия,Кубань/Крым,Красностоп Золотовский,"Аборигенный сорт. Терпкое, с тонами вишневого варенья и черной смородины.","📌 Шашлык, мясо по-кавказски, сыры",13.0,8.0,0.5,0.3,2.5,0.07,22,65,0.997,3.4,0.7
саперави,🍷 Красное сухое,Грузия/Россия,Кахетия/Крым,Саперави,"Глубокий цвет, тона вишни, черной смородины и пряностей. Богато танинами.","📌 Шашлык, хинкали, овощи на гриле",12.5,8.2,0.5,0.3,2.5,0.07,22,65,0.997,3.3,0.7
пино гриджио,🥂 Белое сухое,Италия (Трентино),Альто-Адидже,Пино Гриджио,"Легкое, освежающее, с нотами зеленого яблока, груши и миндаля.","📌 Закуски, легкие салаты, морепродукты, ризотто",12.0,6.8,0.22,0.35,2.5,0.035,24,78,0.993,3.2,0.5
гарганега,🥂 Белое сухое,Италия (Венето),Соаве,Гарганега,"Ноты зеленого яблока, миндаля, цитрусов и минералов.","📌 Ризотто, рыба, морепродукты",12.0,7.0,0.2,0.3,2.5,0.04,22,70,0.994,3.2,0.5
вердиккио,🥂 Белое сухое,Италия (Марке),Кастелли ди Ези,Вердиккио,"Структурированное, с нотами цитрусов, миндаля и морской минеральностью.","📌 Рыбный суп, морепродукты, белое мясо",13.0,7.2,0.22,0.3,2.2,0.04,22,70,0.995,3.2,0.55
гевюрцтраминер,🥂 Белое полусухое,Франция/Германия,Эльзас/Пфальц,Гевюрцтраминер,"Пряное, ароматное, с нотами розы, личи, специй и экзотических фруктов.","📌 Острая азиатская кухня, сыры с плесенью, фуа-гра",13.0,6.5,0.2,0.3,7.0,0.035,20,70,0.998,3.2,0.5
совиньон блан мальборо,🥂 Белое сухое,Новая Зеландия,Мальборо,Совиньон Блан,"Эталон. Взрывные ноты маракуйи, крыжовника, цитрусов и трав.","📌 Устрицы, морепродукты, козий сыр",12.5,8.0,0.2,0.5,2.5,0.035,25,80,0.994,3.1,0.5
шардоне калифорния,🥂 Белое сухое,США (Калифорния),Напа/Сонома,Шардоне,"Насыщенное, маслянистое, с нотами ванили, дуба, масла и тропических фруктов.","📌 Лобстер, рыба в сливочном соусе, курица",14.0,6.5,0.25,0.3,4.0,0.04,25,80,0.996,3.4,0.55
ркацители,🥂 Белое сухое,Грузия/Россия,Кахетия/Крым,Ркацители,"Легкое, с нотами зеленого яблока, цитрусов и полевых трав.","📌 Рыба, овощи, легкие закуски, сыры",11.5,7.5,0.2,0.3,2.5,0.04,20,60,0.994,3.2,0.45
кокур,🥂 Белое сухое,Россия (Крым),Солнечная Долина,Кокур,"Крымский автохтон. Ноты груши, айвы, полевых трав и южных фруктов.","📌 Рыба, морепродукты, блюда крымско-татарской кухни",12.0,7.2,0.22,0.3,3.0,0.04,20,60,0.995,3.2,0.5
кава,🍾 Игристое,Испания (Каталония),Пенедес,Макабео+Парельяда,"Испанское игристое, создаваемое методом шампенуа. Ноты цитрусов и трав.","📌 Тапас, морепродукты, паэлья, хамон",11.5,7.2,0.2,0.25,7.0,0.03,18,60,0.996,3.2,0.4
асти,🍾 Игристое сладкое,Италия (Пьемонт),Асти,Москато Бьянко,"Сладкое, с нотами персика, абрикоса, меда и муската. Низкий алкоголь.","📌 Десерты, фрукты, выпечка, мороженое",7.5,7.0,0.2,0.3,25.0,0.03,15,50,1.008,3.1,0.4
шампанское розовое,🍾 Игристое розовое,Франция (Шампань),Шампань,Пино Нуар+Шардоне,"Элегантное розовое с нотами красных ягод (клубника, малина) и бриоши.","📌 Красная рыба, ягоды, легкие десерты",12.0,7.5,0.2,0.35,7.0,0.035,20,65,0.997,3.1,0.45
розе прованс,🌸 Розовое сухое,Франция (Прованс),Кот де Прованс,Гренаш+Сенсо,"Эталон сухого розе. Бледно-лососевый цвет, ноты клубники и цитрусов.","📌 Легкие салаты, морепродукты, овощи на гриле, пикники",12.0,7.2,0.2,0.3,2.5,0.04,18,55,0.995,3.2,0.45
вальполичелла,🌸 Розовое сухое,Италия (Венето),Вальполичелла,Корвина,"Итальянское розе с нотами вишни, малины и цветов. Освежающее.","📌 Паста, пицца, легкие закуски, салаты",12.0,7.0,0.22,0.3,2.5,0.04,18,55,0.995,3.2,0.45
сотерн,🍯 Десертное белое,Франция (Бордо),Сотерн,Семильон,"Легендарное десертное из ботритизированного винограда. Ноты меда, абрикоса и цукатов.","📌 Фуа-гра, голубые сыры, десерты",13.5,7.8,0.3,0.4,35.0,0.035,25,80,1.015,3.3,0.5
порто,🍯 Крепленое красное,Португалия,Дору,Турига Насьональ,"Крепленое вино. Ноты ежевичного джема, шоколада и орехов. Бывает Ruby и Tawny.","📌 Выдержанные сыры, шоколадные десерты, орехи, сигары",20.0,6.5,0.6,0.2,45.0,0.04,20,60,1.025,3.4,0.5
херес,🍯 Крепленое белое,Испания (Херес),Херес,Паломино,"Уникальное вино под флором. От сухих (Фино) до сладких (Педро Хименес).","📌 Хамон, оливки, миндаль, десерты",15.0,6.8,0.5,0.2,25.0,0.05,20,60,1.01,3.1,0.6
мадера,🍯 Крепленое белое,Португалия (Мадейра),Мадейра,Серсиаль,"Прошедшее термальную выдержку (мадеризацию). Ноты карамели, орехов и ванили.","📌 Супы, паштеты, выдержанные сыры, десерты",19.0,7.2,0.6,0.25,30.0,0.04,20,60,1.02,3.3,0.55
кьянти классико,🍷 Красное сухое,Италия (Тоскана),Кьянти,Санджовезе,"Более строгий стандарт Кьянти, с большей структурой и тонами вишни и фиалки.","📌 Паста с мясом, бифштекс по-флорентийски",13.5,8.0,0.45,0.3,2.0,0.06,22,65,0.997,3.3,0.65
брунелло,🍷 Красное сухое,Италия (Тоскана),Монтальчино,Санджовезе,"Одно из величайших итальянских вин. Мощное, с огромным потенциалом выдержки.","📌 Дичь, выдержанные сыры, трюфели",14.0,8.2,0.5,0.3,1.8,0.06,24,68,0.998,3.3,0.7
барбареско,🍷 Красное сухое,Италия (Пьемонт),Барбареско,Неббиоло,"Более элегантный и женственный брат Бароло. Ароматы розы и вишни.","📌 Трюфели, жаркое, выдержанные сыры",13.5,8.3,0.45,0.3,1.9,0.06,24,68,0.998,3.3,0.68
дольчетто,🍷 Красное сухое,Италия (Пьемонт),Альба,Дольчетто,"Фруктовое, с низкой кислотностью и тонами вишни и миндаля. Пьется молодым.","📌 Паста, пицца, легкие мясные блюда",12.5,7.5,0.4,0.25,2.2,0.06,20,58,0.996,3.4,0.6
корвина,🍷 Красное сухое,Италия (Венето),Вальполичелла,Корвина,"Основной сорт для Вальполичеллы и Амароне. Терпковатые ноты вишни и пряностей.","📌 Мясные закуски, паста, средние сыры",12.5,7.5,0.45,0.25,2.3,0.065,22,64,0.996,3.4,0.65
неро д'авола,🍷 Красное сухое,Италия (Сицилия),Сицилия,Неро д'Авола,"Сицилийский сорт. Насыщенное, с тонами черной вишни, сливы и лакрицы.","📌 Мясо на гриле, баклажаны, сицилийская кухня",13.5,8.0,0.5,0.3,2.5,0.07,23,67,0.997,3.4,0.7
фраппато,🍷 Красное сухое,Италия (Сицилия),Сицилия,Фраппато,"Легкое, с нотами клубники, малины и цветов. Пьется охлажденным.","📌 Легкие закуски, рыба, белое мясо",12.0,7.2,0.35,0.25,2.0,0.06,18,52,0.995,3.3,0.55
альбариньо,🥂 Белое сухое,Испания (Галисия),Риас Байшас,Альбариньо,"Ароматное, с нотами абрикоса, персика, цитрусов и минералов.","📌 Морепродукты, рыба, севиче",12.5,7.2,0.2,0.35,2.5,0.035,23,72,0.995,3.2,0.5
вердехо,🥂 Белое сухое,Испания (Руэда),Руэда,Вердехо,"Свежее, с нотами трав, цитрусов и тропических фруктов.","📌 Морепродукты, салаты, легкие закуски",12.0,7.0,0.2,0.3,2.2,0.03,20,65,0.994,3.2,0.45
виура,🥂 Белое сухое,Испания (Риоха),Риоха,Виура,"Основной белый сорт Риохи. Цитрусовые ноты, часто с ванильными оттенками от дуба.","📌 Рыба, птица, крем-супы",12.5,7.0,0.22,0.3,2.3,0.035,21,68,0.995,3.3,0.5
годельо,🥂 Белое сухое,Испания (Галисия),Вальдеоррас,Годельо,"Полнотелое, с нотами груши, яблока и миндаля.","📌 Рыба, морепродукты, белое мясо",13.0,7.2,0.23,0.35,2.4,0.04,22,70,0.995,3.2,0.52
шенен блан,🥂 Белое сухое,Франция (Луара),Вувре,Шенен Блан,"Многоликий сорт: от сухих искристых до сладких. Ноты яблока, меда и айвы.","📌 Козий сыр, рыба, морепродукты",12.5,8.0,0.25,0.4,5.0,0.035,25,80,0.996,3.1,0.5
вионье,🥂 Белое сухое,Франция (Долина Роны),Кондриё,Вионье,"Очень ароматное, с нотами абрикоса, персика и цветов. Полнотелое, маслянистое.","📌 Острая азиатская кухня, рыба в сливочном соусе, курица",13.5,6.8,0.2,0.3,3.0,0.035,22,75,0.995,3.3,0.5
мускат,🥂 Белое полусладкое,Франция/Италия,Разные регионы,Мускат,"Сладость от природы. Яркие мускатные, фруктовые тона.","📌 Фрукты, десерты, легкие торты",8.0,7.0,0.2,0.3,12.0,0.03,16,52,1.002,3.1,0.4
цвайгельт,🍷 Красное сухое,Австрия,Бургенланд,Цвайгельт,"Популярный австрийский сорт. Ноты вишни, малины и легких пряностей.","📌 Венский шницель, закуски, белое мясо",12.5,7.5,0.4,0.25,2.2,0.06,20,60,0.996,3.4,0.6
блауфренкиш,🍷 Красное сухое,Австрия,Бургенланд,Блауфренкиш,"Пряное, с нотами темных ягод, черного перца и минералов.","📌 Мясо на гриле, дичь",13.0,7.8,0.45,0.3,2.3,0.065,22,64,0.996,3.4,0.65
грюнер вельтлинер,🥂 Белое сухое,Австрия,Вахау,Грюнер Вельтлинер,"Национальный сорт Австрии. Пряное, с нотами белого перца, цитрусов и минералов.","📌 Рыба, морепродукты, спаржа, австрийская кухня",12.5,7.2,0.2,0.4,2.5,0.035,24,75,0.994,3.2,0.5
мускат окснель,🥂 Белое сухое,Германия/Франция,Разные,Мускат Окснель,"Утонченный мускат с яркой кислотностью, ноты цветов, цитрусов и муската.","📌 Легкие закуски, салаты, рыба",11.5,7.0,0.2,0.35,3.0,0.03,20,65,0.995,3.1,0.45
челлаж,🥂 Белое сухое,Венгрия,Эгер,Челлаж,"Типичный белый сорт Эгера. Свежее, с нотами яблок и трав.","📌 Рыба, птица, легкие блюда",12.0,7.0,0.22,0.3,2.3,0.035,21,68,0.995,3.2,0.48
бикавер,🍷 Красное сухое,Венгрия,Эгер,Бикавер,"Знаменитое эгерское «Бычья кровь». Смесь сортов, пряное, полнотелое.","📌 Гуляш, мясо по-венгерски, дичь",13.5,7.8,0.5,0.3,2.5,0.07,23,67,0.997,3.4,0.7
фурминт,🥂 Белое сладкое,Венгрия,Токай,Фурминт,"Основа легендарных токайских вин. Высокая кислотность, потенциал к ботритису.","📌 Фуа-гра, голубые сыры, десерты",11.0,8.5,0.25,0.5,15.0,0.035,30,90,1.01,3.0,0.5
кодру,🍷 Красное сухое,Молдова,Кодру,Каберне+Мерло,"Молдавское вино с защищенным географическим указанием. Мягкое, фруктовое.","📌 Мясные блюда, сыры",12.5,7.5,0.45,0.28,2.3,0.065,22,65,0.996,3.4,0.65
фетяска нягрэ,🍷 Красное сухое,Молдова/Румыния,Разные,Фетяска Нягрэ,"Местный сорт. Элегантное, с тонами вишни, черной смородины и легких специй.","📌 Мясо на гриле, блюда молдавской кухни",12.5,7.5,0.42,0.28,2.4,0.065,22,64,0.996,3.4,0.65
фетяска албэ,🥂 Белое сухое,Молдова/Румыния,Разные,Фетяска Албэ,"Местный сорт. Легкое, цветочное, с нотами зеленого яблока.","📌 Рыба, салаты, легкие закуски",11.5,6.8,0.2,0.3,2.5,0.035,20,60,0.994,3.2,0.45
траминер розе,🥂 Белое сухое,Молдова/Румыния,Разные,Траминер,"Ароматный сорт, родственный Гевюрцтраминеру, но с более сдержанными пряностями.","📌 Острая кухня, рыба",12.0,6.5,0.2,0.32,3.5,0.035,21,65,0.995,3.2,0.48
мцване,🥂 Белое сухое,Грузия,Кахетия,Мцване,"Старинный грузинский сорт. Свежее, с нотами цитрусов, полевых цветов и трав.","📌 Рыба, овощи, сыры",11.5,7.2,0.2,0.3,2.8,0.035,20,60,0.995,3.1,0.45
киси,🥂 Белое сухое,Грузия,Кахетия,Киси,"Восстановленный грузинский сорт. Богатое, маслянистое, с нотами абрикоса и меда.","📌 Белое мясо, рыба, сыры",12.5,7.5,0.22,0.35,3.0,0.04,22,65,0.996,3.2,0.5
оджалеши,🍷 Красное полусладкое,Грузия,Оджалеши,Оджалеши,"Природно-полусладкое грузинское вино. Бархатистое, с тонами ежевики и клубники.","📌 Сыры, орехи, фрукты, десерты",11.5,7.0,0.35,0.25,3.5,0.06,18,50,0.996,3.4,0.5
хванчкара,🍷 Красное полусладкое,Грузия,Хванчкара,Александроули,"Знаменитое грузинское природно-полусладкое. Тона малины, вишни и ежевики.","📌 Мясо, сыры, орехи, десерты",11.5,7.2,0.36,0.26,3.8,0.06,18,52,0.997,3.4,0.52
кинзмараули,🍷 Красное полусладкое,Грузия,Кинзмараули,Саперави,"Природно-полусладкое из Саперави. Тона спелой вишни и ежевики.","📌 Мясо на гриле, сыры, орехи",11.5,7.5,0.4,0.28,3.5,0.06,19,54,0.997,3.4,0.55
ахашени,🍷 Красное полусладкое,Грузия,Ахашени,Саперави,"Еще одно природно-полусладкое из Саперави, более насыщенное.","📌 Мясные блюда, сыры",12.0,7.6,0.42,0.28,3.6,0.06,19,55,0.997,3.4,0.55
твиши,🥂 Белое полусладкое,Грузия,Твиши,Цоликоури,"Легкое белое полусладкое с цветочно-фруктовым ароматом.","📌 Фрукты, десерты, легкие закуски",10.5,6.8,0.18,0.25,4.0,0.03,16,48,0.996,3.1,0.42
псоу,🥂 Белое сухое,Абхазия,Псоу,Рислинг+Ркацители,"Легкое, освежающее белое вино, часто с легким мускатным тоном.","📌 Рыба, салаты, морепродукты",11.0,6.5,0.2,0.28,2.5,0.03,18,55,0.994,3.2,0.4
лыкны,🍷 Красное полусладкое,Абхазия,Лыхны,Изабелла,"Самое известное абхазское вино из сорта Изабелла с характерным «лисьим» тоном.","📌 Мясо на гриле, сыры",11.0,7.0,0.35,0.2,4.0,0.08,15,45,0.997,3.4,0.45
буке,🍾 Игристое,Абхазия,Разное,Рислинг+Алиготе,"Советское игристое винтаж. Производится в Абхазии, но имеет грузинские корни.","📌 Праздники, закуски",11.5,7.2,0.2,0.25,7.0,0.035,18,55,0.996,3.2,0.4
новосветское игристое,🍾 Игристое,Россия (Крым),Новый Свет,Пино Нуар+Рислинг,"Крымское игристое, производимое классическим методом. Высокого качества.","📌 Торжества, закуски, рыба",12.0,7.5,0.2,0.3,6.0,0.035,20,60,0.997,3.1,0.45
массандра белое мускат,🍯 Десертное белое,Россия (Крым),Массандра,Мускат,"Легендарное десертное вино из коллекции «Массандры».","📌 Десерты, фуа-гра, голубые сыры",13.0,7.0,0.25,0.4,20.0,0.035,25,75,1.01,3.2,0.5
массандра красное десертное,🍯 Десертное красное,Россия (Крым),Массандра,Бастардо,"Густое, сладкое красное вино с тонами шоколада, чернослива и вишневого джема.","📌 Шоколадные десерты, сыры",16.0,6.5,0.5,0.2,18.0,0.05,20,65,1.015,3.4,0.6
фанагория ностальгия,🍯 Крепленое красное,Россия (Кубань),Фанагория,Каберне Совиньон,"Крепленое вино, выдержанное в дубе. Сложное, с тонами вишневого джема и шоколада.","📌 Сигары, шоколад, сыры",16.0,6.8,0.55,0.22,15.0,0.06,22,68,1.012,3.5,0.65
кубань-вино шардоне,🥂 Белое сухое,Россия (Кубань),Кубань,Шардоне,"Доступное и качественное российское Шардоне. Легкое, с нотами яблок и цитрусов.","📌 Рыба, птица, салаты",12.0,6.8,0.22,0.35,2.5,0.035,22,68,0.994,3.3,0.5
кубань-вино каберне,🍷 Красное сухое,Россия (Кубань),Кубань,Каберне Совиньон,"Бюджетное красное с нотами черной смородины и вишни.","📌 Мясные блюда, паста",12.5,7.5,0.4,0.28,2.3,0.065,22,66,0.996,3.4,0.65
инкерман каберне,🍷 Красное сухое,Россия (Крым),Инкерман,Каберне Совиньон,"Крымское вино с выдержкой в дубе. Более структурированное, с тонами табака и ванили.","📌 Мясо, сыры",13.0,7.8,0.42,0.3,2.4,0.07,24,68,0.997,3.4,0.68
инкерман рислинг,🥂 Белое сухое,Россия (Крым),Инкерман,Рислинг,"Крымский Рислинг с характерной минеральностью и цитрусовыми нотами.","📌 Рыба, морепродукты",12.0,7.5,0.2,0.35,2.5,0.035,22,70,0.995,3.1,0.48
абрау-дюрсо брют,🍾 Игристое,Россия (Кубань),Абрау-Дюрсо,Пино Блан+Рислинг,"Самый известный российский брют. Легкое, свежее, с нотами цитрусов и зеленого яблока.","📌 Аперитив, морепродукты, легкие закуски",11.5,7.0,0.2,0.3,5.0,0.03,18,55,0.996,3.1,0.42
шато тамань каберне,🍷 Красное сухое,Россия (Кубань),Тамань,Каберне Совиньон,"Вино с Таманского полуострова. Фруктовое, с тонами вишни и черной смородины.","📌 Мясо, паста, пицца",13.0,7.6,0.4,0.3,2.4,0.065,23,67,0.996,3.4,0.65
ведерниковъ шардоне,🥂 Белое сухое,Россия (Ростов),Ведерниковъ,Шардоне,"Вино из Ростовской области. Выдержанное в дубе, с нотами ванили и масла.","📌 Рыба, белое мясо",13.0,7.0,0.24,0.38,3.2,0.04,26,80,0.995,3.3,0.55
лефкадия каберне,🍷 Красное сухое,Россия (Кубань),Лефкадия,Каберне Совиньон,"Премиальное российское вино. Выдерживается в новых бочках. Сложное, с тонами черной смородины, ванили и шоколада.","📌 Стейки, выдержанные сыры, дичь",14.0,8.0,0.42,0.32,2.5,0.07,26,72,0.997,3.4,0.72
долина лефкадия пино нуар,🍷 Красное сухое,Россия (Кубань),Лефкадия,Пино Нуар,"Российский Пино Нуар. Элегантный, с тонами красных ягод и земли.","📌 Лосось, птица, легкие мясные блюда",13.0,7.2,0.34,0.21,1.9,0.06,19,58,0.995,3.3,0.62
усадьба дивноморское каберне,🍷 Красное сухое,Россия (Кубань),Геленджик,Каберне Совиньон,"Вино из виноградников рядом с Геленджиком. Минеральные ноты, свежая кислотность.","📌 Мясо, сыры",13.2,7.8,0.41,0.3,2.3,0.07,24,69,0.997,3.4,0.68
солнечная долина мускат,🥂 Белое полусладкое,Россия (Крым),Солнечная Долина,Мускат,"Крымский мускат с ярким фруктовым ароматом.","📌 Десерты, фрукты",12.0,6.8,0.2,0.3,5.0,0.035,18,52,0.998,3.1,0.45
арпачин,🍷 Красное сухое,Россия (Кубань),Арпачин,Каберне Совиньон,"Бюджетное вино от группы компаний «Ариант». Простое, фруктовое.","📌 Мясо, паста",12.5,7.4,0.4,0.28,2.3,0.065,22,65,0.996,3.4,0.64
шато пино,🍷 Красное сухое,Россия (Кубань),Абрау-Дюрсо,Пино Нуар+Каберне,"Проект Абрау-Дюрсо. Мягкое, фруктовое вино.","📌 Мясо, паста",12.5,7.5,0.4,0.28,2.4,0.065,22,65,0.996,3.4,0.64
вилла романа,🥂 Белое сухое,Россия (Кубань),Кубань,Шардоне+Рислинг,"Одно из самых продаваемых российских вин. Легкое, недорогое.","📌 Повседневные блюда",11.5,6.5,0.2,0.25,2.5,0.03,18,52,0.994,3.2,0.42
zб,🥂 Белое сухое,Россия (Кубань),Кубань,Рислинг+Шардоне,"Торговая марка «Цимлянские вина». Легкое, питкое.","📌 Повседневные блюда",11.5,6.5,0.2,0.25,2.5,0.03,18,52,0.994,3.2,0.42
виноградная миля,🍷 Красное сухое,Россия (Кубань),Кубань,Каберне Совиньон,"Линейка от «Кубань-Вино». Простое, фруктовое.","📌 Мясо, паста",12.5,7.5,0.4,0.28,2.4,0.065,22,65,0.996,3.4,0.64
риоха крианса,🍷 Красное сухое,Испания (Риоха),Риоха,Темпранильо,"Выдержка не менее 2 лет (1 в дубе). Хороший баланс фруктов и дуба.","📌 Тапас, мясо, паста, сыры",13.0,7.5,0.5,0.25,2.2,0.06,20,60,0.997,3.4,0.65
риоха резерва,🍷 Красное сухое,Испания (Риоха),Риоха,Темпранильо,"Выдержка не менее 3 лет (1 в дубе). Более сложное, с тонами кожи и ванили.","📌 Мясо на гриле, дичь, выдержанные сыры",13.5,7.6,0.52,0.25,2.3,0.06,21,62,0.997,3.4,0.67
рибера дель дуэро крианса,🍷 Красное сухое,Испания (Кастилия),Рибера дель Дуэро,Темпранильо,"Более мощные и танинные вина, чем в Риохе. Тона ежевики, кожи и минералов.","📌 Стейки, жаркое, дичь",13.5,7.8,0.55,0.28,2.2,0.065,22,65,0.998,3.5,0.7
наварра гарнача,🍷 Красное сухое,Испания (Наварра),Наварра,Гарнача,"Фруктовое, с тонами клубники и малины. Часто молодое и легкое.","📌 Закуски, паста, белое мясо",13.0,7.2,0.45,0.3,2.5,0.06,19,58,0.996,3.4,0.62
кава брют,🍾 Игристое,Испания (Каталония),Пенедес,Макабео+Парельяда,"Основной стиль кавы. Сухое, свежее, с цитрусовыми нотами.","📌 Аперитив, закуски, морепродукты",11.5,7.0,0.2,0.25,5.0,0.03,18,58,0.996,3.2,0.4
кава розе,🍾 Игристое розовое,Испания (Каталония),Пенедес,Гарнача,"Розовая кава с нотами красных ягод и цветов.","📌 Закуски, салаты, рыба",11.5,7.2,0.2,0.28,6.0,0.03,18,58,0.996,3.2,0.4
мансания,🍯 Крепленое белое,Испания (Андалусия),Санлукар де Баррамеда,Паломино,"Тип хереса Фино, выдержанный у моря. Очень сухой, с солоноватыми нотами.","📌 Морепродукты, хамон, оливки",15.0,6.5,0.5,0.2,2.0,0.05,20,60,1.008,3.0,0.6
фино,🍯 Крепленое белое,Испания (Андалусия),Херес,Паломино,"Самый сухой и легкий херес. Выдерживается под флором.","📌 Хамон, оливки, миндаль, морепродукты",15.0,6.5,0.5,0.2,2.0,0.05,20,60,1.008,3.0,0.6
амонтильядо,🍯 Крепленое белое,Испания (Андалусия),Херес,Паломино,"Херес, выдержанный сначала под флором, потом оксидативно. Ноты орехов.","📌 Хамон, выдержанные сыры, супы, грибы",17.0,6.5,0.5,0.2,5.0,0.05,20,60,1.01,3.1,0.6
олоросо,🍯 Крепленое белое,Испания (Андалусия),Херес,Паломино,"Полностью оксидативная выдержка. Темное, с нотами орехов, кожи и табака.","📌 Красное мясо, дичь, выдержанные сыры",18.0,6.5,0.5,0.2,10.0,0.05,20,60,1.012,3.2,0.6
педро хименес,🍯 Десертное белое,Испания (Андалусия),Херес,Педро Хименес,"Сладчайший херес из подсушенных ягод. Тона чернослива, инжира, патоки.","📌 Десерты, голубые сыры, мороженое",15.0,6.5,0.5,0.2,40.0,0.05,20,60,1.025,3.3,0.6
вино верде,🥂 Белое сухое,Португалия,Винью Верде,Альбариньо+Тражадура,"Легкое, слегка игристое вино с высокой кислотностью.","📌 Морепродукты, рыба, салаты",10.5,6.8,0.2,0.3,2.5,0.035,18,50,0.993,3.2,0.4
дао,🍷 Красное сухое,Португалия,Дао,Турига Насьональ,"Структурированные красные вина из региона Дао. Тона вишни, ежевики и минералов.","📌 Мясо на гриле, дичь, сыры",13.0,7.5,0.45,0.3,2.3,0.065,22,65,0.997,3.4,0.65
бага,🍷 Красное сухое,Португалия,Баиррада,Бага,"Танинный, мощный сорт, требующий выдержки. Терруарные вина.","📌 Дичь, жаркое, выдержанные сыры",13.5,7.8,0.5,0.3,2.2,0.07,23,68,0.997,3.4,0.7
руби порто,🍯 Крепленое красное,Португалия,Дору,Турига Насьональ,"Молодой портвейн, выдержанный в стали/бетоне. Фруктовый, с тонами ежевики.","📌 Фруктовые десерты, шоколад, сыры",20.0,6.5,0.6,0.2,10.0,0.04,20,60,1.02,3.4,0.5
тони порто,🍯 Крепленое красное,Португалия,Дору,Турига Насьональ,"Портвейн, выдержанный в дубе, с окислительными тонами орехов, карамели, сухофруктов.","📌 Орехи, карамельные десерты, сигары",20.0,6.5,0.6,0.2,12.0,0.04,20,60,1.022,3.4,0.5
колхайта порто,🍯 Крепленое белое,Португалия,Дору,Мальвазия,"Редкий белый портвейн. Ноты меда, орехов и цитрусовых.","📌 Десерты, орехи, голубые сыры",20.0,6.5,0.5,0.2,15.0,0.04,20,60,1.02,3.3,0.5
грюнер вельтлинер федершпиль,🥂 Белое сухое,Австрия,Вахау,Грюнер Вельтлинер,"Легкий стиль Грюнера из Вахау. Пряное, с нотами белого перца и цитрусов.","📌 Рыба, морепродукты, австрийская кухня",12.0,7.0,0.2,0.35,2.2,0.035,22,68,0.994,3.2,0.48
грюнер вельтлинер шмарахд,🥂 Белое сухое,Австрия,Вахау,Грюнер Вельтлинер,"Самый полный и мощный стиль Грюнера. Высокий алкоголь, потенциал выдержки.","📌 Сложные блюда, белое мясо, сыры",13.5,7.5,0.22,0.4,2.5,0.04,24,75,0.996,3.2,0.52
рислинг шмарахд,🥂 Белое сухое,Австрия,Вахау,Рислинг,"Великие австрийские рислинги с высокой минеральностью и потенциалом.","📌 Рыба, морепродукты, азиатская кухня",13.5,7.8,0.2,0.4,2.5,0.03,24,76,0.996,3.0,0.48
цвайгельт классик,🍷 Красное сухое,Австрия,Нижняя Австрия,Цвайгельт,"Легкий, фруктовый стиль, популярный в хойригерах.","📌 Венский шницель, закуски, легкие мясные блюда",12.0,7.2,0.38,0.24,2.2,0.06,20,58,0.996,3.4,0.6
блауфренкиш классик,🍷 Красное сухое,Австрия,Бургенланд,Блауфренкиш,"Фруктовый стиль с тонами вишни и легких специй.","📌 Мясо, закуски, паста",12.5,7.4,0.42,0.26,2.3,0.065,21,62,0.996,3.4,0.63
эгрика викавер,🍷 Красное сухое,Венгрия,Эгер,Бикавер,"Современный стиль «Бычьей крови», более элегантный и фруктовый.","📌 Гуляш, мясо по-венгерски",13.0,7.6,0.48,0.3,2.5,0.07,22,65,0.997,3.4,0.68
токай фурминт сухое,🥂 Белое сухое,Венгрия,Токай,Фурминт,"Сухая версия великого токайского сорта. Высокая кислотность, минеральность.","📌 Рыба, морепродукты, белое мясо",12.5,8.0,0.25,0.5,2.5,0.035,28,85,0.996,3.0,0.5
токай асау 3 путтони,🍯 Десертное белое,Венгрия,Токай,Фурминт,"Легендарное десертное вино из ботритизированного винограда. Мед, абрикос, цукаты.","📌 Фуа-гра, голубые сыры, десерты",11.0,8.5,0.3,0.6,15.0,0.04,35,100,1.02,3.0,0.55
токай асау 5 путтони,🍯 Десертное белое,Венгрия,Токай,Фурминт,"Очень сладкое и концентрированное токайское. Десерт сам по себе.","📌 Фуа-гра, сыры с плесенью",10.0,8.8,0.3,0.65,25.0,0.04,40,110,1.03,3.0,0.6
токай эссенция,🍯 Десертное белое,Венгрия,Токай,Фурминт,"Нектар из самотёка. Невероятно сладкое, концентрированное.","📌 Как самостоятельный десерт",5.0,9.0,0.35,0.7,40.0,0.05,45,120,1.05,3.0,0.65
вилла антинори кьянти классико,🍷 Красное сухое,Италия (Тоскана),Кьянти Классико,Санджовезе,"Одно из самых узнаваемых кьянти в мире. Отличный баланс цены и качества.","📌 Паста, пицца, мясо",13.5,8.0,0.45,0.3,2.0,0.06,22,65,0.997,3.3,0.65
банфи кьянти классико,🍷 Красное сухое,Италия (Тоскана),Кьянти Классико,Санджовезе,"Еще один известный производитель. Классическое, элегантное кьянти.","📌 Паста, мясо, сыры",13.5,8.0,0.45,0.3,2.0,0.06,22,65,0.997,3.3,0.65
руфино кьянти классико,🍷 Красное сухое,Италия (Тоскана),Кьянти Классико,Санджовезе,"Традиционное кьянти от известного дома.","📌 Традиционные итальянские блюда",13.5,8.0,0.45,0.3,2.0,0.06,22,65,0.997,3.3,0.65
санта кристина,🍷 Красное сухое,Италия (Тоскана),Тоскана,Санджовезе+Мерло,"Доступное супер-тосканское вино от Антинори.","📌 Мясо, паста, сыры",13.5,7.8,0.4,0.3,2.2,0.065,22,64,0.996,3.4,0.65
тинтанелло,🍷 Красное сухое,Италия (Тоскана),Болгери,Каберне Совиньон+Мерло,"Знаменитое супер-тосканское вино, эталон стиля.","📌 Дичь, стейки, выдержанные сыры",14.0,8.2,0.45,0.32,2.3,0.07,25,70,0.998,3.4,0.7
солая,🍷 Красное сухое,Италия (Тоскана),Болгери,Каберне Совиньон,"Великое супер-тосканское вино из Каберне Совиньона.","📌 Изысканные мясные блюда, дичь",14.0,8.2,0.45,0.32,2.3,0.07,25,70,0.998,3.4,0.7
массето,🍷 Красное сухое,Италия (Тоскана),Тоскана,Мерло,"Культовое итальянское вино из Мерло. Огромная концентрация.","📌 Изысканные блюда, дичь, трюфели",14.5,8.5,0.5,0.35,2.5,0.075,26,72,0.999,3.5,0.75
орнеллайя,🍷 Красное сухое,Италия (Тоскана),Болгери,Каберне Совиньон+Мерло,"Легендарное супер-тосканское вино.","📌 Изысканные мясные блюда",14.0,8.2,0.45,0.32,2.3,0.07,25,70,0.998,3.4,0.7
сассикайя,🍷 Красное сухое,Италия (Тоскана),Болгери,Каберне Фран+Каберне Совиньон,"Первое супер-тосканское вино. Культовый статус.","📌 Изысканные блюда, дичь",14.0,8.2,0.45,0.32,2.3,0.07,25,70,0.998,3.4,0.7
лукреция,🍷 Красное сухое,Италия (Умбрия),Умбрия,Санджовезе+Мерло,"Доступное супер-тосканское вино.","📌 Мясо, паста",13.5,7.8,0.4,0.3,2.2,0.065,22,64,0.996,3.4,0.65
кампо алле комете,🍷 Красное сухое,Италия (Тоскана),Болгери,Мерло+Каберне Фран,"Элегантное супер-тосканское.","📌 Мясо, сыры",14.0,8.0,0.42,0.3,2.2,0.07,24,68,0.997,3.4,0.68
грекко ди туфо,🥂 Белое сухое,Италия (Кампания),Грекко ди Туфо,Грекко,"Древний сорт, вино с нотами абрикоса, меда и минералов.","📌 Рыба, морепродукты, козьи сыры",12.5,7.2,0.22,0.35,2.5,0.035,22,70,0.995,3.2,0.5
фиано ди авеллино,🥂 Белое сухое,Италия (Кампания),Фиано ди Авеллино,Фиано,"Благородное южно-итальянское вино. Потенциал выдержки, ноты орехов и меда.","📌 Рыба, моллюски, белое мясо",13.0,7.5,0.23,0.38,2.8,0.04,23,72,0.995,3.2,0.52
таурази,🍷 Красное сухое,Италия (Кампания),Таурази,Альянико,"Одно из величайших итальянских вин Юга. Мощное, танинное, с потенциалом выдержки.","📌 Дичь, жаркое, выдержанные сыры",13.5,8.2,0.5,0.3,2.0,0.07,25,70,0.998,3.4,0.7
альянико дель вультуре,🍷 Красное сухое,Италия (Базиликата),Вультуре,Альянико,"Вино с вулканических почв. Минеральное, с тонами черных ягод и специй.","📌 Мясо на гриле, дичь",13.5,8.0,0.48,0.3,2.1,0.07,24,68,0.997,3.4,0.68
монтепульчано д'абруццо,🍷 Красное сухое,Италия (Абруццо),Абруццо,Монтепульчано,"Очень популярное итальянское красное. Мягкое, фруктовое, с тонами вишни.","📌 Паста, пицца, мясо, сыры",12.5,7.5,0.4,0.25,2.3,0.065,22,65,0.996,3.4,0.65
черасуоло д'абруццо,🍷 Красное молодое,Италия (Абруццо),Абруццо,Монтепульчано,"Более легкая, быстрая версия Монтепульчано.","📌 Закуски, легкие мясные блюда",12.0,7.2,0.35,0.22,2.2,0.06,20,60,0.995,3.4,0.6
примитиво ди мандурия,🍷 Красное сухое,Италия (Апулия),Мандурия,Примитиво,"Концентрированная версия Примитиво с юга Апулии. Тона джема и табака.","📌 Мясо на гриле, выдержанные сыры",14.0,7.5,0.48,0.28,2.8,0.065,23,66,0.998,3.5,0.68
саличе салентино,🍷 Красное сухое,Италия (Апулия),Саленто,Негроамаро,"Апулийское вино с тонами вишни, шоколада и лакрицы.","📌 Мясо на гриле, паста с мясом",13.5,7.5,0.46,0.28,2.5,0.07,22,65,0.997,3.4,0.67
неро д'авола сицилия,🍷 Красное сухое,Италия (Сицилия),Сицилия,Неро д'Авола,"Базовое сицилийское вино из Неро д'Авола. Фруктовое, с тонами вишни.","📌 Паста, пицца, мясо",13.0,7.8,0.45,0.28,2.4,0.065,22,65,0.997,3.4,0.66
этна россо,🍷 Красное сухое,Италия (Сицилия),Этна,Нерелло Маскалезе,"Вино с вулканических почв Этны. Минеральное, с тонами красных ягод, дыма и трав.","📌 Рыба, мясо, сыры",12.5,7.2,0.38,0.25,2.2,0.06,20,60,0.995,3.3,0.6
этна бьянко,🥂 Белое сухое,Италия (Сицилия),Этна,Кариканте,"Белое вино с Этны. Минеральное, с нотами цитрусов, трав и вулканической породы.","📌 Рыба, морепродукты, козьи сыры",12.0,7.0,0.2,0.32,2.3,0.035,21,65,0.995,3.2,0.48
мальвазия ди липари,🍯 Десертное белое,Италия (Сицилия),Липари,Мальвазия,"Сладкое вино с Липарских островов. Тона абрикоса, меда и цитрусов.","📌 Десерты, сыры, фуа-гра",12.0,6.8,0.25,0.3,15.0,0.035,25,75,1.012,3.2,0.5
пантекаллерия,🍯 Десертное белое,Италия (Сицилия),Пантекаллерия,Мускат,"Сладкое вино с острова Пантекаллерия из местного муската.","📌 Десерты, сыры",12.0,6.8,0.25,0.3,16.0,0.035,25,75,1.013,3.2,0.5
гренаш блан,🥂 Белое сухое,Франция (Долина Роны),Разные,Гренаш Блан,"Полнотелое белое с нотами трав, цитрусов и миндаля.","📌 Рыба, птица, блюда прованской кухни",13.0,7.0,0.22,0.35,2.5,0.035,22,70,0.995,3.3,0.5
клеретт,🥂 Белое сухое,Франция (Лангедок),Разные,Клеретт,"Старинный сорт, дает легкие, свежие вина.","📌 Легкие закуски, морепродукты",11.5,6.8,0.2,0.3,2.2,0.03,20,60,0.994,3.2,0.45
пикпуль де пине,🥂 Белое сухое,Франция (Лангедок),Пикпуль де Пине,Пикпуль,"Свежее, минеральное вино с нотами цитрусов и трав, часто с оттенком морской соли.","📌 Устрицы, мидии, моллюски",12.0,7.2,0.2,0.35,2.3,0.035,22,68,0.995,3.2,0.48
марсан,🥂 Белое сухое,Франция (Долина Роны),Разные,Марсан,"Полнотелое, маслянистое белое с нотами яблока, груши и цветов.","📌 Рыба, белое мясо, сливочные соусы",13.0,7.0,0.22,0.35,2.5,0.035,22,70,0.995,3.3,0.5
руссан,🥂 Белое сухое,Франция (Долина Роны),Разные,Руссан,"Похож на Марсан, но с более цветочным ароматом и высокой кислотностью.","📌 Рыба, морепродукты",13.0,7.0,0.22,0.35,2.5,0.035,22,70,0.995,3.2,0.5
кот-дю-рон красное,🍷 Красное сухое,Франция (Долина Роны),Кот-дю-Рон,Гренаш+Сира,"Доступное вино из Южной Роны. Пряное, с тонами красных ягод.","📌 Мясо, паста, сыры",13.0,7.5,0.45,0.28,2.3,0.065,22,65,0.996,3.4,0.65
шатонеф-дю-пап,🍷 Красное сухое,Франция (Долина Роны),Шатонеф-дю-Пап,Гренаш+Сира,"Знаменитое вино из Южной Роны. Полнотелое, сложное, с нотами ягод, трав и гальки.","📌 Дичь, жаркое, выдержанные сыры",14.0,8.0,0.5,0.3,2.5,0.07,25,70,0.998,3.5,0.7
жигонда,🍷 Красное сухое,Франция (Долина Роны),Жигонда,Гренаш,"Крю в Кот-дю-Рон. Более концентрированное и мощное.","📌 Мясо на гриле, дичь",13.5,7.8,0.48,0.3,2.4,0.065,24,68,0.997,3.4,0.68
вакейрас,🍷 Красное сухое,Франция (Долина Роны),Вакейрас,Гренаш+Сира,"Еще одно крю в Кот-дю-Рон. Ароматное, пряное.","📌 Мясо, сыры",13.5,7.8,0.48,0.3,2.4,0.065,24,68,0.997,3.4,0.68
божоле нуво,🍷 Красное молодое,Франция (Божоле),Божоле,Гаме,"Легендарное молодое вино, которое пьют в ноябре сразу после сбора урожая.","📌 Закуски, колбасы, пицца",12.0,7.0,0.3,0.25,2.0,0.05,15,45,0.995,3.4,0.5
божоле вилляж,🍷 Красное сухое,Франция (Божоле),Божоле Вилляж,Гаме,"Более качественная версия Божоле.","📌 Закуски, легкие мясные блюда",12.5,7.2,0.32,0.26,2.1,0.055,16,48,0.995,3.4,0.52
мулен-а-ван,🍷 Красное сухое,Франция (Божоле),Мулен-а-Ван,Гаме,"Лучшее крю Божоле. Вино с потенциалом выдержки.","📌 Мясо, птица, сыры",13.0,7.5,0.35,0.28,2.2,0.06,18,52,0.996,3.4,0.55
моргон,🍷 Красное сухое,Франция (Божоле),Моргон,Гаме,"Одно из самых известных крю Божоле. Структурированное.","📌 Мясо, сыры",13.0,7.5,0.35,0.28,2.2,0.06,18,52,0.996,3.4,0.55
флёри,🍷 Красное сухое,Франция (Божоле),Флёри,Гаме,"Крю с цветочными нотками. Элегантное.","📌 Мясо, птица",12.5,7.3,0.33,0.27,2.1,0.058,17,50,0.995,3.4,0.53
сен-амор,🍷 Красное сухое,Франция (Божоле),Сен-Амор,Гаме,"Самое северное крю Божоле, часто с более пряными тонами.","📌 Мясо, сыры",12.5,7.3,0.34,0.27,2.1,0.058,17,51,0.995,3.4,0.53
бруйи,🍷 Красное сухое,Франция (Божоле),Бруйи,Гаме,"Мощное и танинное крю Божоле.","📌 Мясо, дичь",13.0,7.5,0.36,0.28,2.2,0.06,18,52,0.996,3.4,0.55
шинан,🍷 Красное сухое,Франция (Луара),Шинан,Каберне Фран,"Красное из Каберне Фран в долине Луары. Травянистое, с тонами малины.","📌 Овощи на гриле, козьи сыры, телятина",12.5,7.5,0.4,0.3,2.0,0.06,20,60,0.996,3.4,0.6
бургонь,🍷 Красное сухое,Франция (Бургундия),Бургонь,Пино Нуар,"Базовое красное бургундское вино.","📌 Легкие мясные блюда, птица",12.0,7.0,0.3,0.2,1.8,0.06,18,52,0.995,3.3,0.58
бургонь,🥂 Белое сухое,Франция (Бургундия),Бургонь,Шардоне,"Базовое белое бургундское вино.","📌 Рыба, морепродукты, легкие блюда",12.0,6.8,0.22,0.35,2.5,0.04,22,70,0.994,3.2,0.5
макон-вилляж,🥂 Белое сухое,Франция (Бургундия),Макон-Вилляж,Шардоне,"Доступное белое из южной Бургундии. Часто легкое, фруктовое.","📌 Рыба, салаты, легкие закуски",12.5,6.9,0.23,0.36,2.6,0.04,23,72,0.995,3.2,0.52
пуйи-фюме,🥂 Белое сухое,Франция (Луара),Пуйи-фюме,Совиньон Блан,"Знаменитое вино из Совиньон Блан с нотами кремня и дыма.","📌 Устрицы, козий сыр, рыба",12.5,7.5,0.2,0.45,2.8,0.035,25,80,0.994,3.1,0.5
сансер,🥂 Белое сухое,Франция (Луара),Сансер,Совиньон Блан,"Совиньон Блан с кремнистыми почвами. Минеральное, элегантное.","📌 Устрицы, козий сыр, рыба",12.5,7.5,0.2,0.45,2.8,0.035,25,80,0.994,3.1,0.5
менету-салон,🥂 Белое сухое,Франция (Луара),Менету-Салон,Совиньон Блан,"Менее известный, но достойный аналог Сансера.","📌 Морепродукты, козий сыр",12.5,7.5,0.2,0.45,2.8,0.035,25,80,0.994,3.1,0.5
куран-сент-эмильон,🍷 Красное сухое,Франция (Бордо),Кюран,Мерло,"Бордоское вино из региона Кюран. Мягкое, фруктовое.","📌 Мясо, паста, сыры",12.5,7.5,0.4,0.25,2.4,0.065,22,65,0.996,3.4,0.65
фронсак,🍷 Красное сухое,Франция (Бордо),Фронсак,Мерло,"Вино из апелласьона Фронсак. Часто хорошее соотношение цены и качества.","📌 Мясо, птица, сыры",13.0,7.8,0.42,0.28,2.4,0.065,23,66,0.996,3.4,0.66
листрак-медок,🍷 Красное сухое,Франция (Бордо),Листрак-Медок,Каберне Совиньон,"Вино из менее известного крю в Медоке.","📌 Мясо, сыры",13.0,7.8,0.4,0.28,2.3,0.065,23,66,0.996,3.4,0.66
мулис-ан-медок,🍷 Красное сухое,Франция (Бордо),Мулис-ан-Медок,Каберне Совиньон,"Еще одно крю в Медоке.","📌 Мясо, сыры",13.0,7.8,0.4,0.28,2.3,0.065,23,66,0.996,3.4,0.66
о-медок,🍷 Красное сухое,Франция (Бордо),О-Медок,Каберне Совиньон,"Региональное медокское вино.","📌 Мясо, сыры",12.5,7.5,0.4,0.26,2.3,0.065,22,64,0.996,3.4,0.64
помероль,🍷 Красное сухое,Франция (Бордо),Помероль,Мерло,"Знаменитый апелласьон. Вина из Мерло здесь достигают вершин.","📌 Изысканные мясные блюда, дичь, трюфели",13.5,8.0,0.45,0.3,2.3,0.07,24,68,0.997,3.4,0.68
сен-эмильон,🍷 Красное сухое,Франция (Бордо),Сент-Эмильон,Мерло+Каберне Фран,"Великий апелласьон Бордо.","📌 Мясо, дичь, сыры",13.0,7.8,0.42,0.28,2.3,0.07,23,66,0.996,3.4,0.66
пессак-леоньян,🍷 Красное сухое,Франция (Бордо),Пессак-Леоньян,Каберне Совиньон+Мерло,"Регион к югу от Бордо, известный своими красными и белыми винами.","📌 Мясо, дичь, сыры",13.0,7.8,0.42,0.28,2.3,0.07,23,66,0.997,3.4,0.66
совиньон гри,🥂 Белое сухое,Франция/Италия,Разные,Совиньон Гри,"Мутация Совиньон Блана. Дает более полнотелые, пряные вина.","📌 Рыба, белое мясо, азиатская кухня",12.5,7.2,0.22,0.4,2.5,0.035,23,72,0.995,3.2,0.5
семийон,🥂 Белое сухое,Франция (Бордо),Бордо,Семийон,"Основной сорт для сотерна и сухих бордосских белых. Полнотелый, восковой.","📌 Рыба, белое мясо, сыры",12.5,7.2,0.22,0.4,2.5,0.035,23,72,0.995,3.2,0.5
мускадель,🥂 Белое сухое,Франция (Бордо),Бордо,Мускадель,"Используется в ассамбляжах бордосских белых для придания свежести.","📌 Рыба, морепродукты",12.0,7.0,0.2,0.35,2.2,0.035,22,68,0.994,3.1,0.48
угни блан,🥂 Белое сухое,Франция (Лангедок),Разные,Угни Блан,"Высокоурожайный сорт для производства коньяка и арманьяка.","📌 Нейтральный вкус",11.0,6.5,0.2,0.25,2.0,0.03,18,55,0.994,3.2,0.4
коломбар,🥂 Белое сухое,Франция (Лангедок),Разные,Коломбар,"Кислотный сорт, часто используется в ассамбляжах.","📌 Нейтральный вкус",11.5,7.0,0.22,0.3,2.2,0.035,20,60,0.995,3.2,0.45
фолль бланш,🥂 Белое сухое,Франция,Разные,Фолль Бланш,"Старинный сорт для коньяка.","📌 Нейтральный вкус",11.0,7.0,0.22,0.3,2.2,0.035,20,60,0.995,3.2,0.45
шардоне совиньон блан ассамбляж,🥂 Белое сухое,Австралия,Разные,Шардоне+Совиньон Блан,"Популярный австралийский купаж.","📌 Рыба, салаты, легкие закуски",12.5,7.0,0.22,0.4,2.8,0.035,24,75,0.995,3.2,0.5
семийон совиньон блан ассамбляж,🥂 Белое сухое,Австралия,Разные,Семийон+Совиньон Блан,"Классический бордосский купаж в Австралии.","📌 Рыба, морепродукты, козьи сыры",12.5,7.2,0.22,0.4,2.5,0.035,24,74,0.995,3.2,0.5
верделио,🥂 Белое сухое,Португалия (Мадейра),Мадейра,Верделио,"Сорт для мадеры.","📌 Аперитив, легкие закуски",11.0,7.0,0.22,0.3,2.5,0.035,20,60,0.995,3.2,0.45
серсиаль,🥂 Белое сухое,Португалия (Мадейра),Мадейра,Серсиаль,"Самый кислый сорт для мадеры, дает сухие вина.","📌 Аперитив",11.0,7.5,0.22,0.3,2.2,0.035,20,60,0.995,3.1,0.45
буаль,🥂 Белое сухое,Португалия (Мадейра),Мадейра,Буаль,"Средний сорт для мадеры, с нотами орехов.","📌 Аперитив, легкие закуски",11.0,7.0,0.22,0.3,2.5,0.035,20,60,0.995,3.2,0.45
мальвазия,🥂 Белое сладкое,Португалия (Мадейра),Мадейра,Мальвазия,"Самый сладкий сорт для мадеры.","📌 Десерты",11.0,6.8,0.25,0.35,8.0,0.035,20,60,1.005,3.3,0.48
террантес,🍷 Красное сухое,Бразилия,Серра Гауша,Террантес,"Бразильский сорт, дающий танинные вина с тонами черных ягод.","📌 Мясо на гриле, дичь",13.0,7.8,0.45,0.3,2.3,0.065,23,67,0.996,3.4,0.66
таннат,🍷 Красное сухое,Уругвай,Каннелонес,Таннат,"Национальный сорт Уругвая. Очень танинный, мощный.","📌 Мясо на гриле, дичь",13.5,8.0,0.5,0.3,2.2,0.07,24,68,0.997,3.4,0.68
боннарда,🍷 Красное сухое,Аргентина,Мендоса,Боннарда,"Второй по популярности красный сорт Аргентины. Мягкий, фруктовый.","📌 Мясо, паста, пицца",13.0,7.5,0.4,0.28,2.3,0.065,22,65,0.996,3.4,0.65
пейс,🍷 Красное сухое,Чили,Центральная Долина,Пейс,"Старинный чилийский сорт, почти исчезнувший.","📌 Мясо",12.5,7.5,0.4,0.28,2.3,0.065,22,65,0.996,3.4,0.65
сенсо,🍷 Красное сухое,Франция/ЮАР,Разные,Сенсо,"Легкий сорт, часто используется в розе и ассамбляжах.","📌 Легкие блюда",12.0,7.0,0.35,0.25,2.2,0.06,20,58,0.995,3.4,0.6
кариньян,🍷 Красное сухое,Франция/Испания,Разные,Кариньян,"Позднеспелый, танинный сорт.","📌 Мясо, сыры",13.0,7.8,0.48,0.3,2.3,0.07,22,66,0.996,3.4,0.67
матаро,🍷 Красное сухое,Франция/Австралия,Разные,Матаро,"Танинный сорт, часто в ассамбляжах с Ширазом.","📌 Мясо, дичь",13.5,7.8,0.5,0.3,2.3,0.07,22,66,0.997,3.4,0.68
дуриф,🍷 Красное сухое,США (Калифорния),Калифорния,Дуриф,"Калифорнийский сорт, редкость.","📌 Мясо",13.0,7.5,0.4,0.28,2.3,0.065,22,65,0.996,3.4,0.65
петит вердо,🍷 Красное сухое,Франция/Испания,Разные,Петит Вердо,"Позднеспелый сорт, добавляет цвет и танины в ассамбляжи.","📌 Мясо, сыры",13.5,8.0,0.5,0.3,2.2,0.07,24,68,0.997,3.4,0.68
марселан,🍷 Красное сухое,Франция,Лангедок,Марселан,"Современный гибрид, устойчивый к болезням.","📌 Мясо",13.0,7.5,0.45,0.28,2.3,0.065,22,65,0.996,3.4,0.65
калабрис,🍷 Красное сухое,Италия (Калабрия),Калабрия,Гальоппо,"Местный сорт Калабрии.","📌 Мясо",13.0,7.5,0.45,0.28,2.3,0.065,22,65,0.996,3.4,0.65
мальвазия нера,🍷 Красное сухое,Италия (Пьемонт),Пьемонт,Мальвазия Нера,"Красный сорт, используемый в некоторых пьемонтских винах.","📌 Мясо",12.5,7.2,0.4,0.26,2.2,0.06,20,60,0.995,3.4,0.62
фрейза,🍷 Красное сухое,Италия (Пьемонт),Пьемонт,Фрейза,"Легкий, фруктовый сорт, часто игристое.","📌 Закуски",11.5,7.0,0.35,0.22,2.1,0.055,18,52,0.995,3.3,0.55
груелло,🍷 Красное сухое,Италия (Ломбардия),Вальтеллина,Груелло,"Сорт для Вальтеллины. Дает легкие, освежающие вина.","📌 Закуски, легкие мясные блюда",12.0,7.2,0.38,0.24,2.2,0.06,20,58,0.995,3.4,0.6
скьява,🍷 Красное сухое,Италия (Трентино),Трентино,Скьява,"Очень легкое, питкое красное вино, пьется охлажденным.","📌 Закуски, легкие блюда",11.5,6.8,0.3,0.2,2.0,0.055,18,50,0.994,3.3,0.55
терольдего,🍷 Красное сухое,Италия (Трентино),Трентино,Терольдего,"Легкое, с нотами вишни и миндаля.","📌 Закуски, белое мясо",12.0,7.0,0.35,0.22,2.1,0.06,19,54,0.995,3.4,0.58
лагрейн,🍷 Красное сухое,Италия (Трентино),Трентино,Лагрейн,"Более танинный сорт Трентино.","📌 Мясо, сыры",12.5,7.5,0.42,0.26,2.2,0.065,21,62,0.996,3.4,0.63
ребо,🍷 Красное сухое,Италия (Эмилия-Романья),Эмилия-Романья,Ребо,"Сорт для производства ламбруско.","📌 Закуски, салаты",11.5,7.0,0.38,0.24,2.5,0.06,20,55,0.996,3.4,0.6
анчеллотта,🍷 Красное сухое,Италия (Эмилия-Романья),Эмилия-Романья,Анчеллотта,"Еще один сорт для ламбруско.","📌 Закуски",11.5,7.0,0.38,0.24,2.5,0.06,20,55,0.996,3.4,0.6
фортана,🍷 Красное сухое,Италия (Умбрия),Умбрия,Фортана,"Местный сорт Умбрии.","📌 Мясо",12.5,7.2,0.4,0.26,2.3,0.06,20,60,0.995,3.4,0.62
чилиджоло,🍷 Красное сухое,Италия (Тоскана),Тоскана,Чиледжиоло,"Сорт, используемый в некоторых кьянти.","📌 Мясо",12.0,7.2,0.38,0.24,2.2,0.06,20,58,0.995,3.4,0.6
канайоло,🍷 Красное сухое,Италия (Тоскана),Тоскана,Канайоло,"Традиционный сорт для кьянти.","📌 Мясо",12.0,7.2,0.38,0.24,2.2,0.06,20,58,0.995,3.4,0.6
колорино,🍷 Красное сухое,Италия (Тоскана),Тоскана,Колорино,"Придает цвет и танины кьянти.","📌 Мясо",13.0,7.8,0.45,0.28,2.3,0.065,22,65,0.996,3.4,0.65
мальма,🍷 Красное сухое,Италия (Лацио),Лацио,Мальма,"Местный сорт Лацио.","📌 Мясо",12.5,7.2,0.4,0.26,2.3,0.06,20,60,0.995,3.4,0.62
чебре,🍷 Красное сухое,Италия (Лацио),Лацио,Чебре,"Местный сорт Лацио.","📌 Мясо",12.5,7.2,0.4,0.26,2.3,0.06,20,60,0.995,3.4,0.62
алеатико,🍯 Десертное красное,Италия (Центр/Юг),Разные,Алеатико,"Сладкое красное вино из одноименного сорта.","📌 Десерты, сыры",13.0,6.8,0.4,0.28,12.0,0.06,22,65,1.01,3.4,0.6
пассито,🍯 Десертное белое,Италия (Разные),Разные,Разные,"Стиль вин из подсушенного винограда.","📌 Десерты, фуа-гра, сыры",14.0,7.0,0.3,0.4,15.0,0.04,28,80,1.015,3.2,0.55
речото,🍯 Десертное красное,Италия (Венето),Вальполичелла,Корвина,"Версия Амароне, но сладкая.","📌 Десерты, сыры",14.0,7.5,0.5,0.3,12.0,0.07,25,70,1.01,3.4,0.7
